key,FileName,ExpectedPath,Paths,Description,URL
at.exe_\windows\system32\at.exe,at.exe,\windows\system32\at.exe,"C:\WINDOWS\System32\At.exe, C:\WINDOWS\SysWOW64\At.exe",Schedule periodic tasks,https://lolbas-project.github.io/lolbas/Binaries/At/
at.exe_\windows\syswow64\at.exe,at.exe,\windows\syswow64\at.exe,"C:\WINDOWS\System32\At.exe, C:\WINDOWS\SysWOW64\At.exe",Schedule periodic tasks,https://lolbas-project.github.io/lolbas/Binaries/At/
atbroker.exe_\windows\system32\atbroker.exe,atbroker.exe,\windows\system32\atbroker.exe,"C:\Windows\System32\Atbroker.exe, C:\Windows\SysWOW64\Atbroker.exe",Helper binary for Assistive Technology (AT),https://lolbas-project.github.io/lolbas/Binaries/Atbroker/
atbroker.exe_\windows\syswow64\atbroker.exe,atbroker.exe,\windows\syswow64\atbroker.exe,"C:\Windows\System32\Atbroker.exe, C:\Windows\SysWOW64\Atbroker.exe",Helper binary for Assistive Technology (AT),https://lolbas-project.github.io/lolbas/Binaries/Atbroker/
bash.exe_\windows\system32\bash.exe,bash.exe,\windows\system32\bash.exe,"C:\Windows\System32\bash.exe, C:\Windows\SysWOW64\bash.exe",File used by Windows subsystem for Linux,https://lolbas-project.github.io/lolbas/Binaries/Bash/
bash.exe_\windows\syswow64\bash.exe,bash.exe,\windows\syswow64\bash.exe,"C:\Windows\System32\bash.exe, C:\Windows\SysWOW64\bash.exe",File used by Windows subsystem for Linux,https://lolbas-project.github.io/lolbas/Binaries/Bash/
bitsadmin.exe_\windows\system32\bitsadmin.exe,bitsadmin.exe,\windows\system32\bitsadmin.exe,"C:\Windows\System32\bitsadmin.exe, C:\Windows\SysWOW64\bitsadmin.exe",Used for managing background intelligent transfer,https://lolbas-project.github.io/lolbas/Binaries/Bitsadmin/
bitsadmin.exe_\windows\syswow64\bitsadmin.exe,bitsadmin.exe,\windows\syswow64\bitsadmin.exe,"C:\Windows\System32\bitsadmin.exe, C:\Windows\SysWOW64\bitsadmin.exe",Used for managing background intelligent transfer,https://lolbas-project.github.io/lolbas/Binaries/Bitsadmin/
certreq.exe_\windows\system32\certreq.exe,certreq.exe,\windows\system32\certreq.exe,"C:\Windows\System32\certreq.exe, C:\Windows\SysWOW64\certreq.exe",Used for requesting and managing certificates,https://lolbas-project.github.io/lolbas/Binaries/Certreq/
certreq.exe_\windows\syswow64\certreq.exe,certreq.exe,\windows\syswow64\certreq.exe,"C:\Windows\System32\certreq.exe, C:\Windows\SysWOW64\certreq.exe",Used for requesting and managing certificates,https://lolbas-project.github.io/lolbas/Binaries/Certreq/
certutil.exe_\windows\system32\certutil.exe,certutil.exe,\windows\system32\certutil.exe,"C:\Windows\System32\certutil.exe, C:\Windows\SysWOW64\certutil.exe",Windows binary used for handling certificates,https://lolbas-project.github.io/lolbas/Binaries/Certutil/
certutil.exe_\windows\syswow64\certutil.exe,certutil.exe,\windows\syswow64\certutil.exe,"C:\Windows\System32\certutil.exe, C:\Windows\SysWOW64\certutil.exe",Windows binary used for handling certificates,https://lolbas-project.github.io/lolbas/Binaries/Certutil/
cmd.exe_\windows\system32\cmd.exe,cmd.exe,\windows\system32\cmd.exe,"C:\Windows\System32\cmd.exe, C:\Windows\SysWOW64\cmd.exe",The command-line interpreter in Windows,https://lolbas-project.github.io/lolbas/Binaries/Cmd/
cmd.exe_\windows\syswow64\cmd.exe,cmd.exe,\windows\syswow64\cmd.exe,"C:\Windows\System32\cmd.exe, C:\Windows\SysWOW64\cmd.exe",The command-line interpreter in Windows,https://lolbas-project.github.io/lolbas/Binaries/Cmd/
cmdkey.exe_\windows\system32\cmdkey.exe,cmdkey.exe,\windows\system32\cmdkey.exe,"C:\Windows\System32\cmdkey.exe, C:\Windows\SysWOW64\cmdkey.exe","creates, lists, and deletes stored user names and passwords or credentials.",https://lolbas-project.github.io/lolbas/Binaries/Cmdkey/
cmdkey.exe_\windows\syswow64\cmdkey.exe,cmdkey.exe,\windows\syswow64\cmdkey.exe,"C:\Windows\System32\cmdkey.exe, C:\Windows\SysWOW64\cmdkey.exe","creates, lists, and deletes stored user names and passwords or credentials.",https://lolbas-project.github.io/lolbas/Binaries/Cmdkey/
cmdl32.exe_\windows\system32\cmdl32.exe,cmdl32.exe,\windows\system32\cmdl32.exe,"C:\Windows\System32\cmdl32.exe, C:\Windows\SysWOW64\cmdl32.exe",Microsoft Connection Manager Auto-Download,https://lolbas-project.github.io/lolbas/Binaries/Cmdl32/
cmdl32.exe_\windows\syswow64\cmdl32.exe,cmdl32.exe,\windows\syswow64\cmdl32.exe,"C:\Windows\System32\cmdl32.exe, C:\Windows\SysWOW64\cmdl32.exe",Microsoft Connection Manager Auto-Download,https://lolbas-project.github.io/lolbas/Binaries/Cmdl32/
cmstp.exe_\windows\system32\cmstp.exe,cmstp.exe,\windows\system32\cmstp.exe,"C:\Windows\System32\cmstp.exe, C:\Windows\SysWOW64\cmstp.exe",Installs or removes a Connection Manager service profile.,https://lolbas-project.github.io/lolbas/Binaries/Cmstp/
cmstp.exe_\windows\syswow64\cmstp.exe,cmstp.exe,\windows\syswow64\cmstp.exe,"C:\Windows\System32\cmstp.exe, C:\Windows\SysWOW64\cmstp.exe",Installs or removes a Connection Manager service profile.,https://lolbas-project.github.io/lolbas/Binaries/Cmstp/
colorcpl.exe_\windows\system32\colorcpl.exe,colorcpl.exe,\windows\system32\colorcpl.exe,"C:\Windows\System32\colorcpl.exe, C:\Windows\SysWOW64\colorcpl.exe",Binary that handles color management,https://lolbas-project.github.io/lolbas/Binaries/Colorcpl/
colorcpl.exe_\windows\syswow64\colorcpl.exe,colorcpl.exe,\windows\syswow64\colorcpl.exe,"C:\Windows\System32\colorcpl.exe, C:\Windows\SysWOW64\colorcpl.exe",Binary that handles color management,https://lolbas-project.github.io/lolbas/Binaries/Colorcpl/
control.exe_\windows\system32\control.exe,control.exe,\windows\system32\control.exe,"C:\Windows\System32\control.exe, C:\Windows\SysWOW64\control.exe",Binary used to launch controlpanel items in Windows,https://lolbas-project.github.io/lolbas/Binaries/Control/
control.exe_\windows\syswow64\control.exe,control.exe,\windows\syswow64\control.exe,"C:\Windows\System32\control.exe, C:\Windows\SysWOW64\control.exe",Binary used to launch controlpanel items in Windows,https://lolbas-project.github.io/lolbas/Binaries/Control/
cscript.exe_\windows\system32\cscript.exe,cscript.exe,\windows\system32\cscript.exe,"C:\Windows\System32\cscript.exe, C:\Windows\SysWOW64\cscript.exe",Binary used to execute scripts in Windows,https://lolbas-project.github.io/lolbas/Binaries/Cscript/
cscript.exe_\windows\syswow64\cscript.exe,cscript.exe,\windows\syswow64\cscript.exe,"C:\Windows\System32\cscript.exe, C:\Windows\SysWOW64\cscript.exe",Binary used to execute scripts in Windows,https://lolbas-project.github.io/lolbas/Binaries/Cscript/
customshellhost.exe_\windows\system32\customshellhost.exe,customshellhost.exe,\windows\system32\customshellhost.exe,C:\Windows\System32\CustomShellHost.exe,A host process that is used by custom shells when using Windows in Kiosk mode.,https://lolbas-project.github.io/lolbas/Binaries/CustomShellHost/
desk.cpl_\windows\system32\desk.cpl,desk.cpl,\windows\system32\desk.cpl,"C:\Windows\System32\desk.cpl, C:\Windows\SysWOW64\desk.cpl",Desktop Settings Control Panel,https://lolbas-project.github.io/lolbas/Libraries/Desk/
desk.cpl_\windows\syswow64\desk.cpl,desk.cpl,\windows\syswow64\desk.cpl,"C:\Windows\System32\desk.cpl, C:\Windows\SysWOW64\desk.cpl",Desktop Settings Control Panel,https://lolbas-project.github.io/lolbas/Libraries/Desk/
devicecredentialdeployment.exe_\windows\system32\devicecredentialdeployment.exe,devicecredentialdeployment.exe,\windows\system32\devicecredentialdeployment.exe,C:\Windows\System32\DeviceCredentialDeployment.exe,Device Credential Deployment,https://lolbas-project.github.io/lolbas/Binaries/DeviceCredentialDeployment/
diskshadow.exe_\windows\system32\diskshadow.exe,diskshadow.exe,\windows\system32\diskshadow.exe,"C:\Windows\System32\diskshadow.exe, C:\Windows\SysWOW64\diskshadow.exe",Diskshadow.exe is a tool that exposes the functionality offered by the volume shadow copy Service (VSS).,https://lolbas-project.github.io/lolbas/Binaries/Diskshadow/
diskshadow.exe_\windows\syswow64\diskshadow.exe,diskshadow.exe,\windows\syswow64\diskshadow.exe,"C:\Windows\System32\diskshadow.exe, C:\Windows\SysWOW64\diskshadow.exe",Diskshadow.exe is a tool that exposes the functionality offered by the volume shadow copy Service (VSS).,https://lolbas-project.github.io/lolbas/Binaries/Diskshadow/
dnscmd.exe_\windows\system32\dnscmd.exe,dnscmd.exe,\windows\system32\dnscmd.exe,"C:\Windows\System32\Dnscmd.exe, C:\Windows\SysWOW64\Dnscmd.exe",A command-line interface for managing DNS servers,https://lolbas-project.github.io/lolbas/Binaries/Dnscmd/
dnscmd.exe_\windows\syswow64\dnscmd.exe,dnscmd.exe,\windows\syswow64\dnscmd.exe,"C:\Windows\System32\Dnscmd.exe, C:\Windows\SysWOW64\Dnscmd.exe",A command-line interface for managing DNS servers,https://lolbas-project.github.io/lolbas/Binaries/Dnscmd/
dsdbutil.exe_\windows\system32\dsdbutil.exe,dsdbutil.exe,\windows\system32\dsdbutil.exe,"C:\Windows\System32\dsdbutil.exe, C:\Windows\SysWOW64\dsdbutil.exe",Dsdbutil is a command-line tool that is built into Windows Server. It is available if you have the AD LDS server role installed. Can be used as a command line utility to export Active Directory.,https://lolbas-project.github.io/lolbas/OtherMSBinaries/Dsdbutil/
dsdbutil.exe_\windows\syswow64\dsdbutil.exe,dsdbutil.exe,\windows\syswow64\dsdbutil.exe,"C:\Windows\System32\dsdbutil.exe, C:\Windows\SysWOW64\dsdbutil.exe",Dsdbutil is a command-line tool that is built into Windows Server. It is available if you have the AD LDS server role installed. Can be used as a command line utility to export Active Directory.,https://lolbas-project.github.io/lolbas/OtherMSBinaries/Dsdbutil/
dxcap.exe_\windows\system32\dxcap.exe,dxcap.exe,\windows\system32\dxcap.exe,"C:\Windows\System32\dxcap.exe, C:\Windows\SysWOW64\dxcap.exe",DirectX diagnostics/debugger included with Visual Studio.,https://lolbas-project.github.io/lolbas/OtherMSBinaries/Dxcap/
dxcap.exe_\windows\syswow64\dxcap.exe,dxcap.exe,\windows\syswow64\dxcap.exe,"C:\Windows\System32\dxcap.exe, C:\Windows\SysWOW64\dxcap.exe",DirectX diagnostics/debugger included with Visual Studio.,https://lolbas-project.github.io/lolbas/OtherMSBinaries/Dxcap/
esentutl.exe_\windows\system32\esentutl.exe,esentutl.exe,\windows\system32\esentutl.exe,"C:\Windows\System32\esentutl.exe, C:\Windows\SysWOW64\esentutl.exe",Binary for working with Microsoft Joint Engine Technology (JET) database,https://lolbas-project.github.io/lolbas/Binaries/Esentutl/
esentutl.exe_\windows\syswow64\esentutl.exe,esentutl.exe,\windows\syswow64\esentutl.exe,"C:\Windows\System32\esentutl.exe, C:\Windows\SysWOW64\esentutl.exe",Binary for working with Microsoft Joint Engine Technology (JET) database,https://lolbas-project.github.io/lolbas/Binaries/Esentutl/
eventvwr.exe_\windows\system32\eventvwr.exe,eventvwr.exe,\windows\system32\eventvwr.exe,"C:\Windows\System32\eventvwr.exe, C:\Windows\SysWOW64\eventvwr.exe",Displays Windows Event Logs in a GUI window.,https://lolbas-project.github.io/lolbas/Binaries/Eventvwr/
eventvwr.exe_\windows\syswow64\eventvwr.exe,eventvwr.exe,\windows\syswow64\eventvwr.exe,"C:\Windows\System32\eventvwr.exe, C:\Windows\SysWOW64\eventvwr.exe",Displays Windows Event Logs in a GUI window.,https://lolbas-project.github.io/lolbas/Binaries/Eventvwr/
expand.exe_\windows\system32\expand.exe,expand.exe,\windows\system32\expand.exe,"C:\Windows\System32\Expand.exe, C:\Windows\SysWOW64\Expand.exe",Binary that expands one or more compressed files,https://lolbas-project.github.io/lolbas/Binaries/Expand/
expand.exe_\windows\syswow64\expand.exe,expand.exe,\windows\syswow64\expand.exe,"C:\Windows\System32\Expand.exe, C:\Windows\SysWOW64\Expand.exe",Binary that expands one or more compressed files,https://lolbas-project.github.io/lolbas/Binaries/Expand/
explorer.exe_\windows\explorer.exe,explorer.exe,\windows\explorer.exe,"C:\Windows\explorer.exe, C:\Windows\SysWOW64\explorer.exe",Binary used for managing files and system components within Windows,https://lolbas-project.github.io/lolbas/Binaries/Explorer/
explorer.exe_\windows\syswow64\explorer.exe,explorer.exe,\windows\syswow64\explorer.exe,"C:\Windows\explorer.exe, C:\Windows\SysWOW64\explorer.exe",Binary used for managing files and system components within Windows,https://lolbas-project.github.io/lolbas/Binaries/Explorer/
extrac32.exe_\windows\system32\extrac32.exe,extrac32.exe,\windows\system32\extrac32.exe,"C:\Windows\System32\extrac32.exe, C:\Windows\SysWOW64\extrac32.exe","Extract to ADS, copy or overwrite a file with Extrac32.exe",https://lolbas-project.github.io/lolbas/Binaries/Extrac32/
extrac32.exe_\windows\syswow64\extrac32.exe,extrac32.exe,\windows\syswow64\extrac32.exe,"C:\Windows\System32\extrac32.exe, C:\Windows\SysWOW64\extrac32.exe","Extract to ADS, copy or overwrite a file with Extrac32.exe",https://lolbas-project.github.io/lolbas/Binaries/Extrac32/
findstr.exe_\windows\system32\findstr.exe,findstr.exe,\windows\system32\findstr.exe,"C:\Windows\System32\findstr.exe, C:\Windows\SysWOW64\findstr.exe","Write to ADS, discover, or download files with Findstr.exe",https://lolbas-project.github.io/lolbas/Binaries/Findstr/
findstr.exe_\windows\syswow64\findstr.exe,findstr.exe,\windows\syswow64\findstr.exe,"C:\Windows\System32\findstr.exe, C:\Windows\SysWOW64\findstr.exe","Write to ADS, discover, or download files with Findstr.exe",https://lolbas-project.github.io/lolbas/Binaries/Findstr/
fltmc.exe_\windows\system32\fltmc.exe,fltmc.exe,\windows\system32\fltmc.exe,C:\Windows\System32\fltMC.exe,Filter Manager Control Program used by Windows,https://lolbas-project.github.io/lolbas/Binaries/FltMC/
forfiles.exe_\windows\system32\forfiles.exe,forfiles.exe,\windows\system32\forfiles.exe,"C:\Windows\System32\forfiles.exe, C:\Windows\SysWOW64\forfiles.exe",Selects and executes a command on a file or set of files. This command is useful for batch processing.,https://lolbas-project.github.io/lolbas/Binaries/Forfiles/
forfiles.exe_\windows\syswow64\forfiles.exe,forfiles.exe,\windows\syswow64\forfiles.exe,"C:\Windows\System32\forfiles.exe, C:\Windows\SysWOW64\forfiles.exe",Selects and executes a command on a file or set of files. This command is useful for batch processing.,https://lolbas-project.github.io/lolbas/Binaries/Forfiles/
fsutil.exe_\windows\system32\fsutil.exe,fsutil.exe,\windows\system32\fsutil.exe,"C:\Windows\System32\fsutil.exe, C:\Windows\SysWOW64\fsutil.exe",File System Utility,https://lolbas-project.github.io/lolbas/Binaries/Fsutil/
fsutil.exe_\windows\syswow64\fsutil.exe,fsutil.exe,\windows\syswow64\fsutil.exe,"C:\Windows\System32\fsutil.exe, C:\Windows\SysWOW64\fsutil.exe",File System Utility,https://lolbas-project.github.io/lolbas/Binaries/Fsutil/
ftp.exe_\windows\system32\ftp.exe,ftp.exe,\windows\system32\ftp.exe,"C:\Windows\System32\ftp.exe, C:\Windows\SysWOW64\ftp.exe",A binary designed for connecting to FTP servers,https://lolbas-project.github.io/lolbas/Binaries/Ftp/
ftp.exe_\windows\syswow64\ftp.exe,ftp.exe,\windows\syswow64\ftp.exe,"C:\Windows\System32\ftp.exe, C:\Windows\SysWOW64\ftp.exe",A binary designed for connecting to FTP servers,https://lolbas-project.github.io/lolbas/Binaries/Ftp/
gpscript.exe_\windows\system32\gpscript.exe,gpscript.exe,\windows\system32\gpscript.exe,"C:\Windows\System32\gpscript.exe, C:\Windows\SysWOW64\gpscript.exe",Used by group policy to process scripts,https://lolbas-project.github.io/lolbas/Binaries/Gpscript/
gpscript.exe_\windows\syswow64\gpscript.exe,gpscript.exe,\windows\syswow64\gpscript.exe,"C:\Windows\System32\gpscript.exe, C:\Windows\SysWOW64\gpscript.exe",Used by group policy to process scripts,https://lolbas-project.github.io/lolbas/Binaries/Gpscript/
hh.exe_\windows\hh.exe,hh.exe,\windows\hh.exe,"C:\Windows\hh.exe, C:\Windows\SysWOW64\hh.exe",Binary used for processing chm files in Windows,https://lolbas-project.github.io/lolbas/Binaries/Hh/
hh.exe_\windows\syswow64\hh.exe,hh.exe,\windows\syswow64\hh.exe,"C:\Windows\hh.exe, C:\Windows\SysWOW64\hh.exe",Binary used for processing chm files in Windows,https://lolbas-project.github.io/lolbas/Binaries/Hh/
imewdbld.exe_\windows\system32\ime\shared\imewdbld.exe,imewdbld.exe,\windows\system32\ime\shared\imewdbld.exe,C:\Windows\System32\IME\SHARED\IMEWDBLD.exe,Microsoft IME Open Extended Dictionary Module,https://lolbas-project.github.io/lolbas/Binaries/IMEWDBLD/
infdefaultinstall.exe_\windows\system32\infdefaultinstall.exe,infdefaultinstall.exe,\windows\system32\infdefaultinstall.exe,"C:\Windows\System32\Infdefaultinstall.exe, C:\Windows\SysWOW64\Infdefaultinstall.exe",Binary used to perform installation based on content inside inf files,https://lolbas-project.github.io/lolbas/Binaries/Infdefaultinstall/
infdefaultinstall.exe_\windows\syswow64\infdefaultinstall.exe,infdefaultinstall.exe,\windows\syswow64\infdefaultinstall.exe,"C:\Windows\System32\Infdefaultinstall.exe, C:\Windows\SysWOW64\Infdefaultinstall.exe",Binary used to perform installation based on content inside inf files,https://lolbas-project.github.io/lolbas/Binaries/Infdefaultinstall/
makecab.exe_\windows\system32\makecab.exe,makecab.exe,\windows\system32\makecab.exe,"C:\Windows\System32\makecab.exe, C:\Windows\SysWOW64\makecab.exe",Binary to package existing files into a cabinet (.cab) file,https://lolbas-project.github.io/lolbas/Binaries/Makecab/
makecab.exe_\windows\syswow64\makecab.exe,makecab.exe,\windows\syswow64\makecab.exe,"C:\Windows\System32\makecab.exe, C:\Windows\SysWOW64\makecab.exe",Binary to package existing files into a cabinet (.cab) file,https://lolbas-project.github.io/lolbas/Binaries/Makecab/
manage-bde.wsf_\windows\system32\manage-bde.wsf,manage-bde.wsf,\windows\system32\manage-bde.wsf,C:\Windows\System32\manage-bde.wsf,Script for managing BitLocker,https://lolbas-project.github.io/lolbas/Scripts/Manage-bde/
mavinject.exe_\windows\system32\mavinject.exe,mavinject.exe,\windows\system32\mavinject.exe,"C:\Windows\System32\mavinject.exe, C:\Windows\SysWOW64\mavinject.exe",Used by App-v in Windows,https://lolbas-project.github.io/lolbas/Binaries/Mavinject/
mavinject.exe_\windows\syswow64\mavinject.exe,mavinject.exe,\windows\syswow64\mavinject.exe,"C:\Windows\System32\mavinject.exe, C:\Windows\SysWOW64\mavinject.exe",Used by App-v in Windows,https://lolbas-project.github.io/lolbas/Binaries/Mavinject/
mmc.exe_\windows\system32\mmc.exe,mmc.exe,\windows\system32\mmc.exe,"C:\Windows\System32\mmc.exe, C:\Windows\SysWOW64\mmc.exe",Load snap-ins to locally and remotely manage Windows systems,https://lolbas-project.github.io/lolbas/Binaries/Mmc/
mmc.exe_\windows\syswow64\mmc.exe,mmc.exe,\windows\syswow64\mmc.exe,"C:\Windows\System32\mmc.exe, C:\Windows\SysWOW64\mmc.exe",Load snap-ins to locally and remotely manage Windows systems,https://lolbas-project.github.io/lolbas/Binaries/Mmc/
msconfig.exe_\windows\system32\msconfig.exe,msconfig.exe,\windows\system32\msconfig.exe,C:\Windows\System32\msconfig.exe,"MSConfig is a troubleshooting tool which is used to temporarily disable or re-enable software, device drivers or Windows services that run during startup process to help the user determine the cause of a problem with Windows",https://lolbas-project.github.io/lolbas/Binaries/Msconfig/
msdt.exe_\windows\system32\msdt.exe,msdt.exe,\windows\system32\msdt.exe,"C:\Windows\System32\Msdt.exe, C:\Windows\SysWOW64\Msdt.exe",Microsoft diagnostics tool,https://lolbas-project.github.io/lolbas/Binaries/Msdt/
msdt.exe_\windows\syswow64\msdt.exe,msdt.exe,\windows\syswow64\msdt.exe,"C:\Windows\System32\Msdt.exe, C:\Windows\SysWOW64\Msdt.exe",Microsoft diagnostics tool,https://lolbas-project.github.io/lolbas/Binaries/Msdt/
mshta.exe_\windows\system32\mshta.exe,mshta.exe,\windows\system32\mshta.exe,"C:\Windows\System32\mshta.exe, C:\Windows\SysWOW64\mshta.exe",Used by Windows to execute html applications. (.hta),https://lolbas-project.github.io/lolbas/Binaries/Mshta/
mshta.exe_\windows\syswow64\mshta.exe,mshta.exe,\windows\syswow64\mshta.exe,"C:\Windows\System32\mshta.exe, C:\Windows\SysWOW64\mshta.exe",Used by Windows to execute html applications. (.hta),https://lolbas-project.github.io/lolbas/Binaries/Mshta/
msiexec.exe_\windows\system32\msiexec.exe,msiexec.exe,\windows\system32\msiexec.exe,"C:\Windows\System32\msiexec.exe, C:\Windows\SysWOW64\msiexec.exe",Used by Windows to execute msi files,https://lolbas-project.github.io/lolbas/Binaries/Msiexec/
msiexec.exe_\windows\syswow64\msiexec.exe,msiexec.exe,\windows\syswow64\msiexec.exe,"C:\Windows\System32\msiexec.exe, C:\Windows\SysWOW64\msiexec.exe",Used by Windows to execute msi files,https://lolbas-project.github.io/lolbas/Binaries/Msiexec/
netsh.exe_\windows\system32\netsh.exe,netsh.exe,\windows\system32\netsh.exe,"C:\WINDOWS\System32\Netsh.exe, C:\WINDOWS\SysWOW64\Netsh.exe",Netsh is a Windows tool used to manipulate network interface settings.,https://lolbas-project.github.io/lolbas/Binaries/Netsh/
netsh.exe_\windows\syswow64\netsh.exe,netsh.exe,\windows\syswow64\netsh.exe,"C:\WINDOWS\System32\Netsh.exe, C:\WINDOWS\SysWOW64\Netsh.exe",Netsh is a Windows tool used to manipulate network interface settings.,https://lolbas-project.github.io/lolbas/Binaries/Netsh/
ntdsutil.exe_\windows\system32\ntdsutil.exe,ntdsutil.exe,\windows\system32\ntdsutil.exe,C:\Windows\System32\ntdsutil.exe,Command line utility used to export Active Directory.,https://lolbas-project.github.io/lolbas/OtherMSBinaries/Ntdsutil/
odbcconf.exe_\windows\system32\odbcconf.exe,odbcconf.exe,\windows\system32\odbcconf.exe,"C:\Windows\System32\odbcconf.exe, C:\Windows\SysWOW64\odbcconf.exe",Used in Windows for managing ODBC connections,https://lolbas-project.github.io/lolbas/Binaries/Odbcconf/
odbcconf.exe_\windows\syswow64\odbcconf.exe,odbcconf.exe,\windows\syswow64\odbcconf.exe,"C:\Windows\System32\odbcconf.exe, C:\Windows\SysWOW64\odbcconf.exe",Used in Windows for managing ODBC connections,https://lolbas-project.github.io/lolbas/Binaries/Odbcconf/
pcalua.exe_\windows\system32\pcalua.exe,pcalua.exe,\windows\system32\pcalua.exe,C:\Windows\System32\pcalua.exe,Program Compatibility Assistant,https://lolbas-project.github.io/lolbas/Binaries/Pcalua/
pcwrun.exe_\windows\system32\pcwrun.exe,pcwrun.exe,\windows\system32\pcwrun.exe,C:\Windows\System32\pcwrun.exe,Program Compatibility Wizard,https://lolbas-project.github.io/lolbas/Binaries/Pcwrun/
pnputil.exe_\windows\system32\pnputil.exe,pnputil.exe,\windows\system32\pnputil.exe,C:\Windows\system32\pnputil.exe,Used for installing drivers,https://lolbas-project.github.io/lolbas/Binaries/Pnputil/
presentationhost.exe_\windows\system32\presentationhost.exe,presentationhost.exe,\windows\system32\presentationhost.exe,"C:\Windows\System32\Presentationhost.exe, C:\Windows\SysWOW64\Presentationhost.exe",File is used for executing Browser applications,https://lolbas-project.github.io/lolbas/Binaries/Presentationhost/
presentationhost.exe_\windows\syswow64\presentationhost.exe,presentationhost.exe,\windows\syswow64\presentationhost.exe,"C:\Windows\System32\Presentationhost.exe, C:\Windows\SysWOW64\Presentationhost.exe",File is used for executing Browser applications,https://lolbas-project.github.io/lolbas/Binaries/Presentationhost/
print.exe_\windows\system32\print.exe,print.exe,\windows\system32\print.exe,"C:\Windows\System32\print.exe, C:\Windows\SysWOW64\print.exe",Used by Windows to send files to the printer,https://lolbas-project.github.io/lolbas/Binaries/Print/
print.exe_\windows\syswow64\print.exe,print.exe,\windows\syswow64\print.exe,"C:\Windows\System32\print.exe, C:\Windows\SysWOW64\print.exe",Used by Windows to send files to the printer,https://lolbas-project.github.io/lolbas/Binaries/Print/
printbrm.exe_\windows\system32\spool\tools\printbrm.exe,printbrm.exe,\windows\system32\spool\tools\printbrm.exe,C:\Windows\System32\spool\tools\PrintBrm.exe,Printer Migration Command-Line Tool,https://lolbas-project.github.io/lolbas/Binaries/PrintBrm/
pubprn.vbs_\windows\system32\printing_admin_scripts\en-us\pubprn.vbs,pubprn.vbs,\windows\system32\printing_admin_scripts\en-us\pubprn.vbs,"C:\Windows\System32\Printing_Admin_Scripts\en-US\pubprn.vbs, C:\Windows\SysWOW64\Printing_Admin_Scripts\en-US\pubprn.vbs",Proxy execution with Pubprn.vbs,https://lolbas-project.github.io/lolbas/Scripts/Pubprn/
pubprn.vbs_\windows\syswow64\printing_admin_scripts\en-us\pubprn.vbs,pubprn.vbs,\windows\syswow64\printing_admin_scripts\en-us\pubprn.vbs,"C:\Windows\System32\Printing_Admin_Scripts\en-US\pubprn.vbs, C:\Windows\SysWOW64\Printing_Admin_Scripts\en-US\pubprn.vbs",Proxy execution with Pubprn.vbs,https://lolbas-project.github.io/lolbas/Scripts/Pubprn/
rasautou.exe_\windows\system32\rasautou.exe,rasautou.exe,\windows\system32\rasautou.exe,C:\Windows\System32\rasautou.exe,Windows Remote Access Dialer,https://lolbas-project.github.io/lolbas/Binaries/Rasautou/
reg.exe_\windows\system32\reg.exe,reg.exe,\windows\system32\reg.exe,"C:\Windows\System32\reg.exe, C:\Windows\SysWOW64\reg.exe",Used to manipulate the registry,https://lolbas-project.github.io/lolbas/Binaries/Reg/
reg.exe_\windows\syswow64\reg.exe,reg.exe,\windows\syswow64\reg.exe,"C:\Windows\System32\reg.exe, C:\Windows\SysWOW64\reg.exe",Used to manipulate the registry,https://lolbas-project.github.io/lolbas/Binaries/Reg/
regini.exe_\windows\system32\regini.exe,regini.exe,\windows\system32\regini.exe,"C:\Windows\System32\regini.exe, C:\Windows\SysWOW64\regini.exe",Used to manipulate the registry,https://lolbas-project.github.io/lolbas/Binaries/Regini/
regini.exe_\windows\syswow64\regini.exe,regini.exe,\windows\syswow64\regini.exe,"C:\Windows\System32\regini.exe, C:\Windows\SysWOW64\regini.exe",Used to manipulate the registry,https://lolbas-project.github.io/lolbas/Binaries/Regini/
register-cimprovider.exe_\windows\system32\register-cimprovider.exe,register-cimprovider.exe,\windows\system32\register-cimprovider.exe,"C:\Windows\System32\Register-cimprovider.exe, C:\Windows\SysWOW64\Register-cimprovider.exe",Used to register new wmi providers,https://lolbas-project.github.io/lolbas/Binaries/Register-cimprovider/
register-cimprovider.exe_\windows\syswow64\register-cimprovider.exe,register-cimprovider.exe,\windows\syswow64\register-cimprovider.exe,"C:\Windows\System32\Register-cimprovider.exe, C:\Windows\SysWOW64\Register-cimprovider.exe",Used to register new wmi providers,https://lolbas-project.github.io/lolbas/Binaries/Register-cimprovider/
regsvr32.exe_\windows\system32\regsvr32.exe,regsvr32.exe,\windows\system32\regsvr32.exe,"C:\Windows\System32\regsvr32.exe, C:\Windows\SysWOW64\regsvr32.exe",Used by Windows to register dlls,https://lolbas-project.github.io/lolbas/Binaries/Regsvr32/
regsvr32.exe_\windows\syswow64\regsvr32.exe,regsvr32.exe,\windows\syswow64\regsvr32.exe,"C:\Windows\System32\regsvr32.exe, C:\Windows\SysWOW64\regsvr32.exe",Used by Windows to register dlls,https://lolbas-project.github.io/lolbas/Binaries/Regsvr32/
replace.exe_\windows\system32\replace.exe,replace.exe,\windows\system32\replace.exe,"C:\Windows\System32\replace.exe, C:\Windows\SysWOW64\replace.exe",Used to replace file with another file,https://lolbas-project.github.io/lolbas/Binaries/Replace/
replace.exe_\windows\syswow64\replace.exe,replace.exe,\windows\syswow64\replace.exe,"C:\Windows\System32\replace.exe, C:\Windows\SysWOW64\replace.exe",Used to replace file with another file,https://lolbas-project.github.io/lolbas/Binaries/Replace/
rpcping.exe_\windows\system32\rpcping.exe,rpcping.exe,\windows\system32\rpcping.exe,"C:\Windows\System32\rpcping.exe, C:\Windows\SysWOW64\rpcping.exe",Used to verify rpc connection,https://lolbas-project.github.io/lolbas/Binaries/Rpcping/
rpcping.exe_\windows\syswow64\rpcping.exe,rpcping.exe,\windows\syswow64\rpcping.exe,"C:\Windows\System32\rpcping.exe, C:\Windows\SysWOW64\rpcping.exe",Used to verify rpc connection,https://lolbas-project.github.io/lolbas/Binaries/Rpcping/
rundll32.exe_\windows\system32\rundll32.exe,rundll32.exe,\windows\system32\rundll32.exe,"C:\Windows\System32\rundll32.exe, C:\Windows\SysWOW64\rundll32.exe",Used by Windows to execute dll files,https://lolbas-project.github.io/lolbas/Binaries/Rundll32/
rundll32.exe_\windows\syswow64\rundll32.exe,rundll32.exe,\windows\syswow64\rundll32.exe,"C:\Windows\System32\rundll32.exe, C:\Windows\SysWOW64\rundll32.exe",Used by Windows to execute dll files,https://lolbas-project.github.io/lolbas/Binaries/Rundll32/
runonce.exe_\windows\system32\runonce.exe,runonce.exe,\windows\system32\runonce.exe,"C:\Windows\System32\runonce.exe, C:\Windows\SysWOW64\runonce.exe",Executes a Run Once Task that has been configured in the registry,https://lolbas-project.github.io/lolbas/Binaries/Runonce/
runonce.exe_\windows\syswow64\runonce.exe,runonce.exe,\windows\syswow64\runonce.exe,"C:\Windows\System32\runonce.exe, C:\Windows\SysWOW64\runonce.exe",Executes a Run Once Task that has been configured in the registry,https://lolbas-project.github.io/lolbas/Binaries/Runonce/
sc.exe_\windows\system32\sc.exe,sc.exe,\windows\system32\sc.exe,"C:\Windows\System32\sc.exe, C:\Windows\SysWOW64\sc.exe",Used by Windows to manage services,https://lolbas-project.github.io/lolbas/Binaries/Sc/
sc.exe_\windows\syswow64\sc.exe,sc.exe,\windows\syswow64\sc.exe,"C:\Windows\System32\sc.exe, C:\Windows\SysWOW64\sc.exe",Used by Windows to manage services,https://lolbas-project.github.io/lolbas/Binaries/Sc/
scriptrunner.exe_\windows\system32\scriptrunner.exe,scriptrunner.exe,\windows\system32\scriptrunner.exe,"C:\Windows\System32\scriptrunner.exe, C:\Windows\SysWOW64\scriptrunner.exe",Execute binary through proxy binary to evade defensive counter measures,https://lolbas-project.github.io/lolbas/Binaries/Scriptrunner/
scriptrunner.exe_\windows\syswow64\scriptrunner.exe,scriptrunner.exe,\windows\syswow64\scriptrunner.exe,"C:\Windows\System32\scriptrunner.exe, C:\Windows\SysWOW64\scriptrunner.exe",Execute binary through proxy binary to evade defensive counter measures,https://lolbas-project.github.io/lolbas/Binaries/Scriptrunner/
settingsynchost.exe_\windows\system32\settingsynchost.exe,settingsynchost.exe,\windows\system32\settingsynchost.exe,"C:\Windows\System32\SettingSyncHost.exe, C:\Windows\SysWOW64\SettingSyncHost.exe",Host Process for Setting Synchronization,https://lolbas-project.github.io/lolbas/Binaries/SettingSyncHost/
settingsynchost.exe_\windows\syswow64\settingsynchost.exe,settingsynchost.exe,\windows\syswow64\settingsynchost.exe,"C:\Windows\System32\SettingSyncHost.exe, C:\Windows\SysWOW64\SettingSyncHost.exe",Host Process for Setting Synchronization,https://lolbas-project.github.io/lolbas/Binaries/SettingSyncHost/
syncappvpublishingserver.exe_\windows\system32\syncappvpublishingserver.exe,syncappvpublishingserver.exe,\windows\system32\syncappvpublishingserver.exe,"C:\Windows\System32\SyncAppvPublishingServer.exe, C:\Windows\SysWOW64\SyncAppvPublishingServer.exe",Used by App-v to get App-v server lists,https://lolbas-project.github.io/lolbas/Binaries/Syncappvpublishingserver/
syncappvpublishingserver.exe_\windows\syswow64\syncappvpublishingserver.exe,syncappvpublishingserver.exe,\windows\syswow64\syncappvpublishingserver.exe,"C:\Windows\System32\SyncAppvPublishingServer.exe, C:\Windows\SysWOW64\SyncAppvPublishingServer.exe",Used by App-v to get App-v server lists,https://lolbas-project.github.io/lolbas/Binaries/Syncappvpublishingserver/
syncappvpublishingserver.vbs_\windows\system32\syncappvpublishingserver.vbs,syncappvpublishingserver.vbs,\windows\system32\syncappvpublishingserver.vbs,C:\Windows\System32\SyncAppvPublishingServer.vbs,Script used related to app-v and publishing server,https://lolbas-project.github.io/lolbas/Scripts/Syncappvpublishingserver/
tar.exe_\windows\system32\tar.exe,tar.exe,\windows\system32\tar.exe,"C:\Windows\System32\tar.exe, C:\Windows\SysWOW64\tar.exe",Used by Windows to extract and create archives.,https://lolbas-project.github.io/lolbas/Binaries/Tar/
tar.exe_\windows\syswow64\tar.exe,tar.exe,\windows\syswow64\tar.exe,"C:\Windows\System32\tar.exe, C:\Windows\SysWOW64\tar.exe",Used by Windows to extract and create archives.,https://lolbas-project.github.io/lolbas/Binaries/Tar/
ttdinject.exe_\windows\system32\ttdinject.exe,ttdinject.exe,\windows\system32\ttdinject.exe,"C:\Windows\System32\ttdinject.exe, C:\Windows\Syswow64\ttdinject.exe",Used by Windows 1809 and newer to Debug Time Travel (Underlying call of tttracer.exe),https://lolbas-project.github.io/lolbas/Binaries/Ttdinject/
ttdinject.exe_\windows\syswow64\ttdinject.exe,ttdinject.exe,\windows\syswow64\ttdinject.exe,"C:\Windows\System32\ttdinject.exe, C:\Windows\Syswow64\ttdinject.exe",Used by Windows 1809 and newer to Debug Time Travel (Underlying call of tttracer.exe),https://lolbas-project.github.io/lolbas/Binaries/Ttdinject/
tttracer.exe_\windows\system32\tttracer.exe,tttracer.exe,\windows\system32\tttracer.exe,"C:\Windows\System32\tttracer.exe, C:\Windows\SysWOW64\tttracer.exe",Used by Windows 1809 and newer to Debug Time Travel,https://lolbas-project.github.io/lolbas/Binaries/Tttracer/
tttracer.exe_\windows\syswow64\tttracer.exe,tttracer.exe,\windows\syswow64\tttracer.exe,"C:\Windows\System32\tttracer.exe, C:\Windows\SysWOW64\tttracer.exe",Used by Windows 1809 and newer to Debug Time Travel,https://lolbas-project.github.io/lolbas/Binaries/Tttracer/
unregmp2.exe_\windows\system32\unregmp2.exe,unregmp2.exe,\windows\system32\unregmp2.exe,"C:\Windows\System32\unregmp2.exe, C:\Windows\SysWOW64\unregmp2.exe",Microsoft Windows Media Player Setup Utility,https://lolbas-project.github.io/lolbas/Binaries/Unregmp2/
unregmp2.exe_\windows\syswow64\unregmp2.exe,unregmp2.exe,\windows\syswow64\unregmp2.exe,"C:\Windows\System32\unregmp2.exe, C:\Windows\SysWOW64\unregmp2.exe",Microsoft Windows Media Player Setup Utility,https://lolbas-project.github.io/lolbas/Binaries/Unregmp2/
verclsid.exe_\windows\system32\verclsid.exe,verclsid.exe,\windows\system32\verclsid.exe,"C:\Windows\System32\verclsid.exe, C:\Windows\SysWOW64\verclsid.exe",Used to verify a COM object before it is instantiated by Windows Explorer,https://lolbas-project.github.io/lolbas/Binaries/Verclsid/
verclsid.exe_\windows\syswow64\verclsid.exe,verclsid.exe,\windows\syswow64\verclsid.exe,"C:\Windows\System32\verclsid.exe, C:\Windows\SysWOW64\verclsid.exe",Used to verify a COM object before it is instantiated by Windows Explorer,https://lolbas-project.github.io/lolbas/Binaries/Verclsid/
wbadmin.exe_\windows\system32\wbadmin.exe,wbadmin.exe,\windows\system32\wbadmin.exe,C:\Windows\System32\wbadmin.exe,Windows Backup Administration utility,https://lolbas-project.github.io/lolbas/Binaries/Wbadmin/
winfile.exe_\windows\system32\winfile.exe,winfile.exe,\windows\system32\winfile.exe,"C:\Windows\System32\winfile.exe, C:\Windows\winfile.exe, C:\Program Files\WinFile\winfile.exe, C:\Program Files (x86)\WinFile\winfile.exe, C:\Program Files\WindowsApps\Microsoft.WindowsFileManager_10.3.0.0_x64__8wekyb3d8bbwe\WinFile\winfile.exe",Windows File Manager executable,https://lolbas-project.github.io/lolbas/OtherMSBinaries/winfile/
winfile.exe_\windows\winfile.exe,winfile.exe,\windows\winfile.exe,"C:\Windows\System32\winfile.exe, C:\Windows\winfile.exe, C:\Program Files\WinFile\winfile.exe, C:\Program Files (x86)\WinFile\winfile.exe, C:\Program Files\WindowsApps\Microsoft.WindowsFileManager_10.3.0.0_x64__8wekyb3d8bbwe\WinFile\winfile.exe",Windows File Manager executable,https://lolbas-project.github.io/lolbas/OtherMSBinaries/winfile/
winfile.exe_\program files\winfile\winfile.exe,winfile.exe,\program files\winfile\winfile.exe,"C:\Windows\System32\winfile.exe, C:\Windows\winfile.exe, C:\Program Files\WinFile\winfile.exe, C:\Program Files (x86)\WinFile\winfile.exe, C:\Program Files\WindowsApps\Microsoft.WindowsFileManager_10.3.0.0_x64__8wekyb3d8bbwe\WinFile\winfile.exe",Windows File Manager executable,https://lolbas-project.github.io/lolbas/OtherMSBinaries/winfile/
winfile.exe_\program files (x86)\winfile\winfile.exe,winfile.exe,\program files (x86)\winfile\winfile.exe,"C:\Windows\System32\winfile.exe, C:\Windows\winfile.exe, C:\Program Files\WinFile\winfile.exe, C:\Program Files (x86)\WinFile\winfile.exe, C:\Program Files\WindowsApps\Microsoft.WindowsFileManager_10.3.0.0_x64__8wekyb3d8bbwe\WinFile\winfile.exe",Windows File Manager executable,https://lolbas-project.github.io/lolbas/OtherMSBinaries/winfile/
winfile.exe_\program files\windowsapps\microsoft.windowsfilemanager_10.3.0.0_x64__8wekyb3d8bbwe\winfile\winfile.exe,winfile.exe,\program files\windowsapps\microsoft.windowsfilemanager_10.3.0.0_x64__8wekyb3d8bbwe\winfile\winfile.exe,"C:\Windows\System32\winfile.exe, C:\Windows\winfile.exe, C:\Program Files\WinFile\winfile.exe, C:\Program Files (x86)\WinFile\winfile.exe, C:\Program Files\WindowsApps\Microsoft.WindowsFileManager_10.3.0.0_x64__8wekyb3d8bbwe\WinFile\winfile.exe",Windows File Manager executable,https://lolbas-project.github.io/lolbas/OtherMSBinaries/winfile/
winrm.vbs_\windows\system32\winrm.vbs,winrm.vbs,\windows\system32\winrm.vbs,"C:\Windows\System32\winrm.vbs, C:\Windows\SysWOW64\winrm.vbs",Script used for manage Windows RM settings,https://lolbas-project.github.io/lolbas/Scripts/Winrm/
winrm.vbs_\windows\syswow64\winrm.vbs,winrm.vbs,\windows\syswow64\winrm.vbs,"C:\Windows\System32\winrm.vbs, C:\Windows\SysWOW64\winrm.vbs",Script used for manage Windows RM settings,https://lolbas-project.github.io/lolbas/Scripts/Winrm/
wmic.exe_\windows\system32\wbem\wmic.exe,wmic.exe,\windows\system32\wbem\wmic.exe,"C:\Windows\System32\wbem\wmic.exe, C:\Windows\SysWOW64\wbem\wmic.exe",The WMI command-line (WMIC) utility provides a command-line interface for WMI,https://lolbas-project.github.io/lolbas/Binaries/Wmic/
wmic.exe_\windows\syswow64\wbem\wmic.exe,wmic.exe,\windows\syswow64\wbem\wmic.exe,"C:\Windows\System32\wbem\wmic.exe, C:\Windows\SysWOW64\wbem\wmic.exe",The WMI command-line (WMIC) utility provides a command-line interface for WMI,https://lolbas-project.github.io/lolbas/Binaries/Wmic/
workfolders.exe_\windows\system32\workfolders.exe,workfolders.exe,\windows\system32\workfolders.exe,C:\Windows\System32\WorkFolders.exe,Work Folders,https://lolbas-project.github.io/lolbas/Binaries/WorkFolders/
wscript.exe_\windows\system32\wscript.exe,wscript.exe,\windows\system32\wscript.exe,"C:\Windows\System32\wscript.exe, C:\Windows\SysWOW64\wscript.exe",Used by Windows to execute scripts,https://lolbas-project.github.io/lolbas/Binaries/Wscript/
wscript.exe_\windows\syswow64\wscript.exe,wscript.exe,\windows\syswow64\wscript.exe,"C:\Windows\System32\wscript.exe, C:\Windows\SysWOW64\wscript.exe",Used by Windows to execute scripts,https://lolbas-project.github.io/lolbas/Binaries/Wscript/
wsl.exe_\windows\system32\wsl.exe,wsl.exe,\windows\system32\wsl.exe,C:\Windows\System32\wsl.exe,Windows subsystem for Linux executable,https://lolbas-project.github.io/lolbas/OtherMSBinaries/Wsl/
wsreset.exe_\windows\system32\wsreset.exe,wsreset.exe,\windows\system32\wsreset.exe,C:\Windows\System32\wsreset.exe,Used to reset Windows Store settings according to its manifest file,https://lolbas-project.github.io/lolbas/Binaries/Wsreset/
wuauclt.exe_\windows\system32\wuauclt.exe,wuauclt.exe,\windows\system32\wuauclt.exe,C:\Windows\System32\wuauclt.exe,Windows Update Client,https://lolbas-project.github.io/lolbas/Binaries/Wuauclt/
xwizard.exe_\windows\system32\xwizard.exe,xwizard.exe,\windows\system32\xwizard.exe,"C:\Windows\System32\xwizard.exe, C:\Windows\SysWOW64\xwizard.exe",Execute custom class that has been added to the registry or download a file with Xwizard.exe,https://lolbas-project.github.io/lolbas/Binaries/Xwizard/
xwizard.exe_\windows\syswow64\xwizard.exe,xwizard.exe,\windows\syswow64\xwizard.exe,"C:\Windows\System32\xwizard.exe, C:\Windows\SysWOW64\xwizard.exe",Execute custom class that has been added to the registry or download a file with Xwizard.exe,https://lolbas-project.github.io/lolbas/Binaries/Xwizard/