title,_id
M365,5d428f69368a7f17b8c7ed76
Salesforce,5d42a56a8123f61fa0bf2f02
Slack,5d4c5b63e8b8da922ed7359f
Mimecast Email Security,5d49abdbdebc9db51e5f6439
Jira,5d8b4b0f87f6c67409865463
Symantec,5d4c5343c51c89497cae306f
GWS Directory,5d77cc96b75d29a58c865382
mongodb,5d4d4d4bf4bd0ed6a399b742
AdaptiveInsights,5d4d500f9232fed91a93f1fa
Zoom,5dde3c0c394e3598de0a4619
Box,5e09c67441d51b62d8dce60f
SharePoint + OneDrive,5e3821fb0e6a40e330dbf335
Teams,5e6d0f766906eed4e62e4f65
Okta (Legacy),5e6f437ac48ffa06489c3c67
ServiceNow,5e6f43e8c48ffa06489c3c6b
DocuSign,5e820c8f46965743ad71f400
Monday,5e89833d20cd256622f87f02
HubSpot,5e89b671c3b1071748f87f05
GitHub,5ea6df7818f6e81e790d83e6
PowerBI,5eb1686830f861838b52ee0e
Bitbucket,5eb297ae8f07102b3680ae1f
Trello Enterprise obsolete,5eb3dd4fc47eeea35a10ae53
Confluence,5eba85ad1622d13b13f530f6
SuccessFactors,5ec13ac9479fd677a6791c97
SalesforceSandbox,5ed3740e961c881977c9b8c3
ArcGIS,5ef9dfa2d92ea8533c3cd0e8
Snowflake,5f033dbfd1126b0f8275c2d4
Lucidchart,5f314348bb2bdaa8f163face
Jama,5f427d897f807a7d6778c2ab
Zscaler,5f69f44e151d6fe4d22db9e2
Zendesk,5f7ef7a0889917c6c2021cfd
Smartsheet,5f9aaad9034c2725042b3d9c
Webex,5f9abedbdcdb9b5d2b7da4ce
Azure DevOps,5fa90126eb17841fc5e6f1ad
JumpCloud,5fbd187a3f8edfaaaeb7ff61
Teamwork,5fd1de0901bcf2d3d3fd6881
PingOne,5fd8d6cdf564b52657abe3dc
Egnyte,5fea3103211ea8c44c413fdc
NetSuite (Legacy),6009ae3b7bcaa77c0e2dabf0
Looker,602395fa9066c0a156d03259
Notion,6040d2119362b572a1b658fb
MuleSoft,605c4c83b49983efa552e625
Trello,606310db2c0cf35ac293f439
Workato,606ad0c3ce7adc7df1cd20c6
Tableau,606c6047af45967e48657091
Workday,6090059fa38aae081a776142
PagerDuty,60aa5c4fbb4ea4f8d8050e2b
Sumo Logic,60b5f92dfdf464c3c433e800
Jamf Cloud,60bf4c109b657eb66d2e8c7c
Atlas,60c738363f34375680b5cce8
Splunk Cloud,60d87e6647d97898a9be2383
Intune,60d9c3bccd9be67648c80fbc
UiPath,60eb0fbb9376323c023f6451
Mobile Device Manager,60ed7bad289cb2adb4dd5a45
Falcon,6107f9b419d2130727fe0d34
Tenable,61226de88cce5431957aaba1
GitLab,615ad096cc905f41009ea9c3
Mailchimp,61640208a0d7f330b6e701bd
Shopify,617535cd987b480e974514c9
Docebo,617561aceec19ef569413c1d
Duo,6183a5d28f7eace6c2a3f394
Dropbox,6187f97ac134b3ebe75a3e37
Datadog,618cea9778b228fad0cd5762
Microsoft Defender,61acc8a3b611b81ed53fe7ea
LaunchDarkly,61b9d8f6c50a0809b49cdace
Miro (Old),61c048a7b73d134303e421e0
Wrike,61c04bc9b73d134303e421ea
OneLogin,61c341afe0e20b4b5d0a7677
Freshservice,61c975cd6e5c4ee0e404ff58
Apollo.io,61c97c575005ea55db04ff5e
SendGrid,61c97cf16e5c4ee0e404ff6c
Twilio,61c97d575005ea55db04ff66
Okta Limited Addition,61d4658f4ae180bc1cbdfd52
Jamf On-premise,61db00ff1aa88218c918562a
BambooHR,61ee4c60807427b597cd8104
Vidyard,61f1376a65f984f4e0cd808d
Dell boomi,61ffc3f1d2b90483f335d165
Asana,620125d7d4a5527a201b9446
New Relic,620a229637f436cce678739a
HiBob,620b70224e9fa321db8ce4a4
Atlassian Opsgenie,6212007c45c84b83ac7cad9a
Cisco Meraki,62133207e82d0d78eeb10135
Airtable,62174d4d1305f76ddb64a97b
GetGuru,621ce7987c23bc9c9a690ba8
SentinelOne,6230a7dc8fb366d624742560
Github Enterprise,62373310b585b37c344728b7
Okta CIAM,623afc56156c28a11abe4486
PowerApps,623c36accd1b30063312df6d
Citrix ShareFile,62404cca7d6fc9fa38ab2699
Confluent,6242aaf29d30c9e743c7e583
Aha,62498121eb52d171023d222e
deleted - Aha,6241ae3a6b20373a07c7e584
Prisma Cloud,62657685ecb83f03b4fa99ad
Infinipoint,6267ab428c2aeb6becee8dc4
Adobe Sign,627141a982726abe55166800
test2,62714f451c293a91cf166800
Sentry.io,6283a3a075b01e01bf037f31
Greenhouse,628b765ce1241ece51bb8861
LaunchDarkly- deleted ,628b8a211aa8f4a414bb8860
Salesforce Marketing Cloud,628ccb8d922f6378b8bb8875
Dropbox Api,628f801f22f855f4e54beb9d
Kandji_delete,6295cda52de33fc61325ae8f
Kandji_delete2,6295cda64e91fdd07625ae90
Kandji,6295cda82de33fc61325ae92
Miro,62a88bb00470128a0cb468ed
Hibob - old,62a9d9b8f9e72830eeb468f6
Fivetran,62b1ae2db165ed509f01a583
Browserstack-delete,62b1b5eda2e3b83583afef9b
Browserstack-delete,62b1b5eefcd761f590afef9c
Browserstack,62b1b5f1f3c4d806aa48b8ef
Codacy,62b1be59e9a72b85d148b8fd
Hibob - old1,62b83eed661d78663491b171
delete?,62c57bc5bf6ee7799dd9d9a5
Shortcut,62c6a0a3842f704139b27a75
Calendly,62c6e3fc5604fd560bd9d9f6
SparkPost,62cc1e17ae24868b738949dc
Envoy,62cfee0536b78d69782e098b
Harness,62d42151f0034afeee501c86
test,62d67c29328cdb6b637bc8dd
Kinton,62d935b80f50c68f760fd7d3
Mural,62dfabaab2452dfba723a6e3
del,62dfb0d59bcfc8c84d283266
Onna,62eb97086469d32c53c2b868
Logz.io,62ebae653d74eb50e0ced180
VMware Workspace One,62ef78e8284e4143ecced16d
DELETE,62ef7c7733ce0a6309ced16a
Databricks,62ef7c77f077641b71c2b872
Status Hero,62f10872ed4f5966e7f87f34
delete2?,62f39ebd0cdbb7adabe2e307
Google Endpoint Management,62f4e926e02475e7d7e2e304
Rapid7 InsightVM,62f501a7e02475e7d7e2e309
KnowBe4,62f8c1cfc4cf1175ec0574af
Salesforce Marketing Cloud - OLD,62fa35328c62d2b726f3b6eb
Delete,62fe10ba196b8839793efc67
Salesforce Marketing Client  - OLD,6302181e56a7c42a7ff82ed6
Qualys,63022286c9a6542b22285eaf
Datadog Partner,630dbad95bd1d1f2dc8f4f24
Cisco Secure Endpoint,630f1a6d31bb7d60e900c236
RunZero,63187b81e591326703c4b759
OneTrust,631f3b92ff05a78fc8af5d5b
Abstract,6326bb6267e5c7c816957d7d
 ,63271c4156422e992e091601
Terraform,632832921028631113c81c50
DocuSign (Multi-Account),632c6c04096ee1825d72fc95
Have I Been Pwned,63345519b43466ca6b72fc8d
Chorus,633ad23d1d21f8bda04a939f
Gong,633eb31339c09c18a74a93ad
MoreApp,6351248655d921240530095c
Github Enterprise (Multi-Organization),6355451e6c7e548d50d388b0
Trend Micro Cloud One,6355489b6c7e548d50d388b8
Auth0,6358e2b48289213d4b2a766b
JFrog,635e965dfee84f1e3135e9b5
Cisco Umbrella,6367698fb38e1e5ef89bc5b0
trend micro cloud one test,636d0c42de2ffaa46184b84a
Automox,637267e125a814b0beea4bec
Wiz,6374f95b528151040dece4e5
Sumo Logic,6375f622ba4d3502cdece4dc
Fastly,6384d69f38ddf22cd7a2f62b
Sailpoint,638df0ef064674b059ecc2d4
SAP Concur,638df521aed2af854898a334
Dynatrace,638df7a91919b035bd98a332
Akamai,638efab9313f2ece2decc2d3
Mobile Iron,63a0256d7062cd7696cf2b7a
CheckPoint Harmony Endpoint Management,63a0551c69b557ed0d47cf08
Adobe Sign User Management,63a1a06213e151ba8747cf29
Nulab Backlog,63ac3560816e3616c43e4825
WPEngine,63b2c15f9d98c92eecc20b24
Cloudflare,63b2d6978b5429b0e8de2613
MondayFactory,63b2e88f8b5429b0e8de2854
Trend Micro Vision One,63b2ed15d487dfab15de260b
Google Ads,63b536fb66ac8cfe71de261c
Document360,63babe6812360f83dd2efcf4
Netlify,63be790fd73f14608c0bdb00
Qwiet,63bee7e980a25984bbd443e2
SharePoint - OneDrive,63d1329a46ea69d3968cb038
M365 GCCH,63d2839b9ae5c07e3e34663b
Kintone,63d7cb06f249371a13d6cf37
OneDrive Resources,63da6d5bec63b85e4df38af4
OneDrive Delete,63dfe2e616f32f0bdbaffaa0
Google Drive,63e0fda49b96a312e4fada9a
GCP Organization,63e23907363f3bbc005fe211
GCP Project,63e23f54363f3bbc005fe218
GCP,63e256a190f3a4b04f5fe201
PagerDuty [NEW],63e27a029f059393fffada90
Garoon,63e516db68c7b293a2efea3c
Meta Workplace,63e9495926750156eaeb741c
Gitpod,63ee9b55926a41611392d692
Cybozu,63f4a063fcfd32fc1422cabe
AWS,63fcd5bd9197171a2af35a73
SAP HANA,63fdd9ece97e1127e2bb4a53
Datadog_New,6404a1823348f7b0e7bea7dd
SimpleMDM,6405ab1c00d9b95dd1ad2826
Atlassian,64242c6184804b140c9a3ef8
Dropbox Sign,642981bd61e9890fa72cf918
FleetDM,643529988248ef7a7e316997
Proofpoint,643c00d0a26881a0774f1251
Active Directory by Identity Protection,644e1cd0e77cd1e88304694c
LastPass,645cef0046c01c1ddde3b22b
docusign_test,645cf17288e612c1dbdda455
Prisma Access,64608b59ce64d8b830dda44d
Cortex XDR,6469bbe06873b2117ce09890
Okta Fac,646dc140c9967ec0ed26e17c
Druva,64906eb31068871bc7431c26
Sprinklr,6497ef40d8d94d8362cce9f6
Coupa,649be09c1f82008917be1d18
Outreach,64a3d03d7818b152e19d542e
Zoom2,64a5849b731fc68c96b8282b
SmartSuite,64aeb2c2643cdfdbd3c3cbbf
Cybereason,64c26b50bbcae5e44bbc3d32
Adobe User Management,64ca59fd0e7c87361de6949a
Kore.ai,64d0abb43836f00e19658269
PandaDoc,64e759d17a56c26305fa4fb9
Snyk Org,64f5bfa8a4d91c764d055c4b
Google Analytics Site,64fde6d25e6e0336ea793d57
Snyk,650ac47d163ddb807643bdf8
Tines,6519894a50a24d8caa7c2f53
Grafana,651e80f8cbba66eb20682121
GeoFeeds,651eab00fd7449ef66add02c
Snyk,652c320d2c043eca4c30f3dd
Fabric,653f9ea92e2378881289ab9c
Make,653fa525e59fccac787d6a11
Linode,6541060085758209fac29610
Cloudflare (Multi-Account),65512e49864b29b1a10c5e5d
Research Feeds,655378da7259079a8ecd0d62
Pipedrive,6565046399cc3e45db22d51f
Jira Cloud Platform,6568b103c345c60b333a8bc3
Google Analytics,657b12d2adcaf54f533d3444
Test type name,658ab987efad1ff2b267fffb
DocuSign Organization,659c031583c1446ea2a67a06
Chili Piper,659f9da646ed81eee8d2068e
AS Office365,65a54bc6894e973152ba91b4
Miro Enterprise,65afd3296d72f03100a70bc6
Miro Team,65afd5d5f4ac1f456ea70bab
Miro Organization,65afe3158033b48230484f07
Deel,65ca0d7288e7acff880802df
Docker HUB,65d20d572376b702b9fdb4fa
GalTest,65d3727e12bf8d4cbd5a8719
Postman,65d372aa63d9bb7136e1093d
IBM Security Verify,65d49e7b56ed276ea6b12ff1
IBM Verify,65d4a2749f68695813b12fe0
Zapier,65df39a372c223e08c5f16c4
Confluence Cloud,65e4912f330757b2d2135976
Sophos,65edaf8279c309df86d45b39
Veeva Vault,65fc214162feb61031839242
Sysdig,661be80d5add4793a3a0ef1f
Shopify 2,662a0d5b57e7300a037e9ca7
Shopifyy,662a0d63a5dba062e1a90a02
ThousandEyes,66326c20bdf130aa28175b64
Zoho ManageEngine Endpoint Central,663369986bd5202f59b92e51
SAP BTP,66350414a359992a2d84f951
1Password,6637450cdb9b5992ebb0251b
CyberArk EPM,6638b88ccf956ca5b946d56c
Okta_With_Vault,663a10cc00d463d800b4b5ff
Zoho Mobile Device Management,6640b8100b0cb5e511aa533b
Defender for Cloud Apps,6640e1d2560765fe164c9d3f
Mimecast Apps,6640ee9efcf19ef35cc885f1
Abnormal-Security,66447182f311a8caa0aa532f
Marketo,6644fad72cbf26d7800d9fe1
Netskope,664cf049643cd3b7b9cbf7a3
SAP S/4 Hana Cloud - Public,66549a6a15a9a3110405e958
testend.io,665c727a6b98bb53fb5dda03
Mend,665c72b567a6dfe51801f88e
Canva Enterprise,665f0417dcee8fbf5970d6c9
Salesforce Commerce Cloud,666dd39a93245dab22f00fc1
Okta,666ff698ef39e85ea716a075
NetDocuments,66702330fd596528f0619bb5
CyberArk Identity,6671917663398da5b0302818
Panorays,6673e3c506ea0b795079fa97
Unqork,667420000d6deb4594ccd09f
Island Enterprise Browser,667801d86304660685c6ce15
LinkedIn,667d2ab7b6114c69fb4ff2ef
Zylo,667d2dbb0c328777db2bb103
Meta,668297b96449feb82ff1b7bd
Akeyless,66967a112ee5e9257ea1e44b
Anaplan,669cad22fffede8c180e21be
Personio,669e8f8d3051aaeba7c9ed26
Stripe,66a75d41975af9cf15e0380f
CyberGRX,66a77255c8b471e2570f3d66
Figma,66abddad873b5c415d712943
X (Twitter),66c35cec852ec0bd9545c7c6
Chrome Extensions,66cf07ea913689e946a1cd42
Black Kite,66d05456ed9c7cdab6a4008e
intercom,66dd71bc0854d2302d789841
Microsoft Power Platform,66e6eb800a6128b9c83a48d6
Expensify,66ebcf73514ab39ab82c9414
Research VT,66efff8edc10781743dc5214
AWS Auth Check - EdenATest,66fb9f88497ba2381274dcef
Microsoft Log Analytics,6703a4bb87214151b9976cc1
AWS - EdenTest,6704f067b7f6eb7f38fccabc
,670651d56e497e49ef8839dd
confluent_delete,67160df13df01f43656aaca1
Delinea,6729d4bf422407eb00e811e6
NetSuite,672cb1c593d6205469248a28
PingOne Workforce,672cde0db3ed7c8f3cf2e47e
Falcon Fusion Workflows,673cd4021b88ee28ef23fce5
AD by Identity Protection,673da65f9d00c99dd7adca0e
Databricks OAuth,67445ca6a65707be0e48b06f
Mulesoft - EdenTest,6761645feedcce187916af42
GWS Admin,676953dd319d842479e44018
Egnyte Test,676ae6e010381b3fde17feb0
GCP Cloud,676bafff99063ae9fc17feae
Azure Cloud,676d1afb0b7553a05fab7400
Oracle Cloud Infra,676d1be20b7553a05fab7410
Chrome Web Store,67742b4ea97194eddcd339ae
AmazonWebServices,6790e277a3b7874fa952e029
Salesforce Test,679a41aada9206a41f960727
Salesforce Test2,679a4229d5bcbededd5746a5
Salesforce Test Or,679a427261b2ee91055746a7
linkedin staging test,679f9ee8d850c6b4996fa4fd
Commvault,67b72918e07a5b16388dbbfc
Microsoft Copilot Studio,67bdb5fb01bdd6044dec5b30
Test Integration,67c8412d085ceee7eff15b1f
Shlomi Dodo,67c8419ac2c67e4453a89581
shahar boaz,67c9931552158244064a195f
shahar boaz,67c99315f805d6d5c3fbc20c
OpenAI,67d805c03ed50f6d0fa229e2
dbt Cloud,67d88238a4e4bda9695ea727
Atlassian Admin,67e1616e06b5137447f91f7f